BINHTRAN2402,[B@55f96302,TRAN THIEN,Bcsd@7jk,Bcsd@7jk,0986754321,binhtran2402@gmail.com
CHANHNGUYEN0406,[B@3d4eac69, NGUYEN TIN,Q*wre7nj,Q*wre7nj,96759694,chanhnguyen0406@gmail.com
DUONGPHAM,[B@42a57993,PHAM VAN,A3@qwerp,A3@qwerp,0987654321,duongvovanhoa2607@gmail.com
LIEMNGUYEN,[B@75b84c92,NGUYEN THANH ,A@2jkasdf,A@2jkasdf,0987654321,liemnguyen@gmail.com
NGOCPHUC2601,[B@6bc7c054,DO NGOC,Azj@8bcn,Azj@8bcn,3456789012,ngocphucdo2601@gmail.com
THIEPHAM1110,[B@232204a1,PHAM HOANG,Ergw+5iu,Ergw+5iu,098671234,thienpham1110@gmail.com
anhHoa,[B@4aa298b7,nguyen quy,Q@1rlasd,Q@1rlasd,0987654321,aassfas@gmail.com
